<?xml version="1.0" encoding="UTF-8"?>
<project-private xmlns="http://www.netbeans.org/ns/project-private/1">
    <editor-bookmarks xmlns="http://www.netbeans.org/ns/editor-bookmarks/1"/>
    <editor-bookmarks xmlns="http://www.netbeans.org/ns/editor-bookmarks/2" lastBookmarkId="0"/>
    <open-files xmlns="http://www.netbeans.org/ns/projectui-open-files/2">
        <group>
            <file>file:/Applications/MAMP/htdocs/dannyhaitran/application/controllers/home.php</file>
            <file>file:/Applications/MAMP/htdocs/dannyhaitran/application/models/images.php</file>
            <file>file:/Applications/MAMP/htdocs/dannyhaitran/application/models/projects.php</file>
            <file>file:/Applications/MAMP/htdocs/dannyhaitran/application/views/content.php</file>
        </group>
    </open-files>
</project-private>
